column_name,mean,std,num_iterations,min,max,global_min,global_max
test_SKINCON_auroc,0.7816921750193561,,1,0.7816921750193561,0.7816921750193561,0.7816921750193561,0.8149488691097534
test_SKINCON_f1_macro,0.18994418521184975,,1,0.18994418521184975,0.18994418521184975,0.18994418521184975,0.352431829591199
test_SKINCON_f1_micro,0.3580628541988666,,1,0.3580628541988666,0.3580628541988666,0.3580628541988666,0.7014925373134329
test_SKINCON_loss,1.1082398706341383,,1,1.1082398706341383,1.1082398706341383,1.1016415079928332,4.169464388434191
test_SKINCON_losses_avg,1.1082398706341383,,1,1.1082398706341383,1.1082398706341383,1.1016415079928332,4.169464388434191
test_global_mapping_BM_acc,0.0,,1,0.0,0.0,0.0,0.0
test_global_mapping_semantic_acc,0.0,,1,0.0,0.0,0.0,0.0
