column_name,mean,std,num_iterations,min,max,global_min,global_max
test_SKINCON_acc,0.10248447204968944,,1,0.10248447204968944,0.10248447204968944,0.10248447204968944,0.14906832298136646
test_SKINCON_auroc,0.0,,1,0.0,0.0,0.0,0.0
test_SKINCON_loss,4.51621039017387,,1,4.51621039017387,4.51621039017387,4.137928894587925,4.51621039017387
test_SKINCON_losses_avg,4.51621039017387,,1,4.51621039017387,4.51621039017387,4.137928894587925,4.51621039017387
test_global_mapping_BM_acc,0.0,,1,0.0,0.0,0.0,0.0
test_global_mapping_semantic_acc,0.0,,1,0.0,0.0,0.0,0.0
